이미지 주소,내용,해시태그,좋아요 수,댓글 수
/images/costagram/posts/post0.jpg,내 첫 인스타는 예쁜 우리집 별로,#별,13,1
/images/costagram/posts/post1.jpg,로마의 여름이란... 마지막을 앞두고 있다!!,#로마의휴일 #로마갬성,13,3
/images/costagram/posts/post2.jpg,서울가쟈서울,#밀라노 #이태리 #근본없는 #태그,15,2
/images/costagram/posts/post3.jpg,파인애플인가 머리인가,#하와이카레 #서촌,92,2
/images/costagram/posts/post4.jpg,공부 빼고 다 재밌는 시험기간 맞이 감성 폭.발.,#별 #감성 #폭발 #방학쟁취,98,3
/images/costagram/posts/post5.jpg,이런 날씨에 마이크 임팩트 스퀘어 꼭대기라니.. 기분좋다,#마이크임팩트 #난졸라젊다,42,1
/images/costagram/posts/post6.jpg,"안끝났네 가지마라. 늦가을은 어디에나, 멀리 가지 않더라도😗",#늦가을,51,3
/images/costagram/posts/post7.jpg,버스를 기다리는데 웬 강아지 한마리가 오더니 옆에서 계속 서성서성. 오늘은 좋은 일이 있을 것 같군!!!,#안녕,55,2
/images/costagram/posts/post8.jpg,젊음을 주제로 한 사진들을 보고있는 젊은이들을 찍은 사진,#내방벽을 #저렇게 #꾸며야겠다 #youth,38,0
/images/costagram/posts/post9.jpg,시간 참 잘간다,#틱톡,66,2
/images/costagram/posts/post10.jpg,붉다,#깔맞 #일터,68,3
/images/costagram/posts/post11.jpg,내방뷰,#할랑할랑하다 #하늘 #구름,64,1
/images/costagram/posts/post12.jpg,뽈뽀리를 타고 하는 여행의 매력이란,#꽃 #하늘 #햇살 #바람 #성공적,77,3
/images/costagram/posts/post13.jpg,찰랑찰랑흔들흔들,#제주도 #오징어배,64,1
/images/costagram/posts/post14.jpg,응...?,#오늘은월요일 #월요일실화냐 #thisismonday #실화네........,49,2
/images/costagram/posts/post15.jpg,덥고 비오고 습한게 뭐 별건가,#땀좀나고 #발좀젖고 #남미음식,45,2
/images/costagram/posts/post16.jpg,까미는 까만 강아지라 까미,#애견스타그램 #우리집강아지는 #까미,78,2
/images/costagram/posts/post17.jpg,할머니집 앞에서 마주친 강아지,#멍멍 #이집강아지는누구 #선팔하면맞팔,42,2
/images/costagram/posts/post18.jpg,씰룩씰룩,#포동포동 #아름다운뒤태 #애견스타그램,12,1
/images/costagram/posts/post19.jpg,아침을 깨우는 달달함,#Bread #굿모닝,90,1
/images/costagram/posts/post20.jpg,하늘에서 본 서울,#여행 #야경스타그램 #야경보러갈래,43,1
/images/costagram/posts/post21.jpg,한국적인 멋이 가장 세계적인 것,#너와함께걷고싶은길,8,1
/images/costagram/posts/post22.jpg,오늘은 오늘의 해가 지고,#내일은 #내일의 #해가뜬다,78,1
/images/costagram/posts/post23.jpg,낚시하다가 다리가 이뻐서,#이게바로 #어부의길,30,1
/images/costagram/posts/post24.jpg,햄버거 살살 녹는다,#꿀꿀할땐 #햄버거 #꿀꿀,17,1
/images/costagram/posts/post25.jpg,지나간 것은 지나간대로 물들겠지,#노을처럼 #너는어땠니,80,1
/images/costagram/posts/post26.jpg,관종의 인스타에 올리기 딱 좋은 사진이 나왔다. 왕십리 어느 횟집에서 콘서트.,#회 #소주 #노래,132,5
/images/costagram/posts/post27.jpg,현지 적응 완료!,#만-족 #파키스탄 #현지음식 #맛있다,55,3
/images/costagram/posts/post28.jpg,찍었다 증명사진 발급했다 민증,#증명사진 #민증재발급,42,4
/images/costagram/posts/post29.jpg,내가 이 바다의 쾌남,#서핑 #바다 #쿨가이,45,4
/images/costagram/posts/post30.jpg,사진을 정리했다 과거를 정리했다 깔~끔,#2015년 #10월 #내모습,42,4
/images/costagram/posts/post31.jpg,과거들먹들먹,#사회자,63,3
/images/costagram/posts/post32.jpg,매우 즐거운 시간이었다 아주 맘에 쏙 들어,#팝아트 #내가바로앤디워홀 #가상염색,51,3
/images/costagram/posts/post33.jpg,배불러서 더는 못먹겠다 말하고 10분 후,#돼지가되지 #타르트 #존맛탱,40,3
/images/costagram/posts/post34.jpg,마라톤이나 긴 트래킹을 한번 더 할까?,#마라톤 #트래킹 #힘듦,38,2
/images/costagram/posts/post35.jpg,어린이 갬성,#라이더 #이리야,89,5
